blubled,xavVibe,neutral
loc1to,what gang,neutral
fossabot,üì´ SEND RON FAN MAIL/ ITEMS HERE üì´ PO Box 2459 Van Nuys CA 91404,neutral
cruzyy__,ome32,neutral

mrsharkpapi,what happen?,neutral
thomas9654,WWWWWW,neutral
irfaan_tube,WWWWWW,neutral
jonahj7,AYY,positive
buthafar,buh widetime2 widetime2 widetime2,neutral
pesokillz,stabeWhite stabeWhite stabeWhite stabeWhite stabeWhite stabeWhite stabeWhite,neutral
y0faze,AYY,positive
fernand0_53,WORLD CUP DRAW,neutral
co1e___,WW,neutral
E YOUR EARLY,neutral
kenviolaa,SO EARLY STREAM,neutral
rylie_west,let it gooo,neutral
legend_tco,WWW,neutral
looisey,ome32 Õè,neutral
rkrain,Sans,neutral
throwinfives,ome32,neutral
alphaz1x,WWWWW,neutral
molly5k,AYY,positive
kanyewestrider07,THEY COPPED THE PLEAAAAAAAA,neutral
blubled,AYY,positive
legend_tco,WW,neutral
smhsteven,wow early,positive
docello,yo wait just a lil the World Cup draw is in rn,neutral
rizzyboi61,AYYY,positive
red72458,first btw son,neutral
pdthree3,tooooo,neutral
y0faze,AYY  Õè,positive
mrgreens2,FINALLY,positive
pesokillz,stabeWhite stabeWhite stabeWhite stabeWhite stabeWhite stabeWhite stabeWhite stabeWhite,neutral
co1e___,ome32,neutral
masterogblueben,w,neutral
clippedbyders,stabeWhite,neutral
melaniegain22,W RON,neutral
om7ry,om7ryDance,neutral
adamvebalo,AYY,positive
kaipol143,w,neutral
xanderb32,ome5,neutral
taivetti,ome32,neutral
infernog43,ome32,neutral
beastio_,AYY,positive
blubled,AYY Õè,positive
sheniii__,dwerk,neutral
b1ackballed,WWWW,neutral
e1i13,stabeWhite stabeWhite stabeWhite,neutral
jonahj7,AYY Õè,positive
selena_whatsup,WWWWWWW,neutral
ronsgoldenthong,ome32,neutral
b7f7,son,neutral
soutuu,BANGERR,neutral
vlexal,y0,neutral
stryhat,ome32,neutral
djhfjddj,WW,neutral
kaipol143,www,neutral
fossabot,adrianissleepy_ is staying in The Stable with Prime for 6 months! ‚ù§ Thank you for re-subbing to The Stable ‚ù§ And supporting the stream! ‚ù§,positive
roc_ky27,yooooooooo,neutral
dissolvve,WW,neutral
cocothegoat826,k,neutral
islamz__,WWWW,neutral
jojotypeshiii,w nascar stream,neutral
ue stabeBlue stabeBlue stabeBlue stabeBlue stabeBlue,neutral
melaniegain22,WWW,neutral
rylie_west,now ur dragging it,negative
e Stable with Prime for 13 months! ‚ù§ Thank you for re-subbing to The Stable ‚ù§ And supporting the stream! ‚ù§,positive
eobnix,PartyKirby PBM PartyKirby PBM PartyKirby PBM PartyKirby PBM,neutral
emvlay,W,neutral
kaipol143,w,neutral
djhfjddj,WWW,neutral
laiysbiggestlover,agahi @laiysbiggesthater,negative
stryhat,dwerk,neutral
scorpyl2,üì´ SEND RON FAN MAIL/ ITEMS HERE üì´ PO Box 2459 Van Nuys CA 91404,neutral
kiyoooooooooooooooooo,FIRST,neutral
mrsharkpapi,wwwwwwwwww,neutral
justgtz0,ome5,neutral
looisey,AYY AYY,positive
vortic_0,AYY,positive
itive
trashybop,ome32,neutral
neighbor200,stabeMelatonin,neutral
kaipol143,www,neutral
irfaan_tube,HOW ARE YOU TODAY,neutral
meechuo,ome5,neutral
laiysbiggesthater,PBM TO THE JAY,neutral
itzbryan32,WW,neutral
pdthree3,w sponcet,neutral
islamz__,WWWWWWWWWWWW,neutral
soutuu,BANGERR BANGERR,neutral
jxlixttx,WWW,neutral
marcelll559,WIDESCREENRON,neutral
rezfy_,W PBM,neutral
lof_enzo,WWWWWWWWW,neutral
ceesbandit,WWWWWWW,neutral
zaclikespizza,someone gift me a sub pls,neutral
osmann7887,ome32,neutral
auavu,ayyyyy,positive
smhsteven,AYY,positive
oopseod,hi,neutral
batman_starrk,WW,neutral
bbeeetle,yerrrrrr,neutral
evansvbu,wwwwww,neutral
brandonwydd,wwww,neutral
djhfjddj,WW,neutral
itzbryan32,EARLY,neutral
neutral
itsniah3,YOOOO,positive
rkrain,santit20CATSHAKIRA,neutral
bateman2x,WW,neutral
y0faze,AYY,positive
al
melaniegain22,WWWWWWWWW,neutral
roc_ky27,was guru,neutral
sheniii__,dwerk Õè,neutral
goingdeadin,SATABLEEEEEEEEEEEEEEEEEEEE,positive
lefttwitchforever,1 viewer washed,neutral
fossabot,tayclouds is staying in The Stable with Prime for 3 months! ‚ù§ Thank you for re-subbing to The Stable ‚ù§ And supporting the stream! ‚ù§,positive
ilove2makebabys,yoooo,positive
lisright78,stabeWhite stabeWhite stabeWhite stabeWhite stabeWhite stabeWhite stabeWhite stabeWhite stabeWhite stabeWhite stabeWhite stabeWhite stabeWhite,neutral
iwanna_ace,Ome32,neutral
drako7d7,WWWWWWW,neutral
b7f7,67,neutral
darren7000,www,neutral
gaiagq71819,can u end and start at 1 im at school rn,neutral
ilyjacobb,stabeBlue stabeBlue stabeBlue stabeBlue stabeBlue stabeBlue stabeBlue stabeBlue stabeBlue stabeBlue stabeBlue stabeBlue stabeBlue stabeBlue stabeBlue stabeBlue stabeBlue stabeBlue stabeBlue stabeBlue stabeBlue stabeBlue,neutral
jxlixttx,ome32,neutral
raulquiszn,plaqueboyLogo plaqueboyLogo plaqueboyLogo plaqueboyLogo plaqueboyLogo plaqueboyLogo plaqueboyLogo,neutral
y0faze,AYY  Õè,positive
462ts,WW table,neutral
ttcharyycc,PM,neutral
stryhat,dwerk dwerk dwerk dwerk,neutral
rizzyboi61,EARLY,neutral
bateman2x,WWWWWW,neutral
owogrr,stabeBlue stabeBlue stabeBlue,neutral
co1e___,PBMAURA,neutral
sarahmm177,stabeBlue stabeBlue stabeBlue stabeBlue,neutral
islamz__,WW,neutral
ja0snn,yooooo,neutral
jrh017,WW,neutral
molly5k,WWWW,neutral
tehmythic,PogU LIVE WOAH,positive
fossabot,latedenim001 is staying in The Stable for 7 months! ‚ù§ Thank you for re-subbing to The Stable ‚ù§ And supporting the stream! ‚ù§,positive
bibbbbbbby123,s,neutral
dripdown12,w,neutral
trashybop,dans Õè,neutral
4lnick,WW,neutral
biggggggggggtgg,ome5,neutral
auavu,wwwww,neutral
 PartyKirby PBM PartyKirby PBM PartyKirby PBM PartyKirby PBM PartyKirby PBM PartyKirby PBM PartyKirby PBM,neutral
y0faze,AYY,positive
roc_ky27,eked,neutral
anothx,WW,neutral
pathos21,OMG WWWWWW,positive
melaniegain22,L WENDY,neutral
pdthree3,w sponcer,neutral
kanyewestrider07,THEY COPPED THE PLEAAAAA ome32,neutral
bibbbbbbby123,as,neutral
elijahcueto,ome32,neutral
neighbor200,stabeMelatonin stabeMelatonin stabeMelatonin stabeMelatonin,neutral
4lnick,WWWW,neutral
roc_ky27,d,neutral
burnynms,yooooo,neutral
dripdown12,wwwwww,neutral
rondihrider,hasji,neutral
laqueboyLogo2 plaqueboyLogo2 plaqueboyLogo2 plaqueboyLogo2,neutral
dg_333_,stabePet stabePet stabePet stabePet,neutral
majesticlivestream,tuff,neutral
drako7d7,stabeBlue stabeBlue stabeBlue stabeBlue stabeBlue,neutral
pathos21,WWWWWW,neutral
plasmaishim,OOOO,positive
ja0snn,stabeBlue stabeBlue stabeBlue stabeBlue stabeBlue,neutral
trashybop,dans,neutral
darren7000,wwwwww,neutral
djhfjddj,W,neutral
bibbbbbbby123,a,neutral
rxaindrop,wwww,neutral
sarahmm177,stabeBlue stabeBlue stabeBlue stabeBlue stabeBlue stabeBlue stabeBlue stabeBlue stabeBlue,neutral
dripdown12,wwwwwww,neutral
y0faze,AYY  Õè,positive
c,neutral
llli03,ome32,neutral
jxlixttx,dwerk,neutral
rondihrider,jdsgi,neutral
mclovin7x,stabeWhite stabeWhite stabeWhite stabeWhite stabeWhite stabeWhite stabeWhite stabeWhite stabeWhite,neutral
canelosp,HIIIIIII,positive
ronsclearthong67,stabeBlue stabeBlue stabeBlue stabeBlue stabeBlue stabeBlue stabeBlue stabeBlue stabeBlue,neutral
dripdown12,w,neutral
gavinjonesss,ome5,neutral
cairnyfishy,AYYYYYYYY,positive
lisright78,stabeBlue stabeBlue stabeBlue stabeBlue stabeBlue,neutral
y0faze,AYY,positive
pathos21,WWWWWWWWW,neutral
wolfpro1222,WW,neutral
djhfjddj,WW,neutral
caidansfaded,WW EARLY,neutral
plasmaishim,WWW,neutral
trickelz1x,dans,neutral
jonahj7,AYY,positive
rondihrider,esguio,neutral
ivanblr09,stabeBlue stabeBlue,neutral
3mrmea,WW,neutral
tyler097654,mmm,neutral
princesssswilliam,heyyyy bebes,positive
pdthree3,w sponser,neutral
unstablemage,WW,neutral
sarahmm177,WWWW,neutral
rkrain,dans,neutral
trashybop,dans Õè,neutral
rondihrider,jakich,neutral
islamz__,stabeBlue stabeBlue stabeBlue stabeBlue stabeBlue stabeBlue stabeBlue,neutral
blubled,dwerk,neutral
llli03,aga,neutral
trickelz1x,ome32,neutral
linearrr,wideOmeDwerk,neutral
ral
looisey,WW WOTION,neutral
deemonster69,stabeWhite stabeWhite stabeWhite,neutral
legendninjayt,omgaadd 677 omgaadd 67 ima retard,negative
donovanmic,dans,neutral
jontheforth,WW,neutral
sarahmm177,MMM,neutral
fatmanjon2,stabeBlue stabeBlue stabeBlue stabeBlue stabeWhite stabeWhite stabeWhite stabeWhite,neutral
dnc_brody30,heyyyyy,positive
beastio_,YOOO,neutral
plasmaishim,WW,neutral
adrianissleepy_,stabeWhite stabeWhite stabeWhite stabeWhite stabeWhite,neutral
bibbbbbbby123,g,neutral
stable_joe7,HEYYYYYY,positive
hite stabeWhite stabeWhite stabeWhite stabeWhite,neutral
cairnyfishy,stabeWhite stabeWhite stabeWhite stabeWhite stabeWhite,neutral
buthafar,widetime2,neutrarxaindrop,stabeWhite stabeWhite stabeWhite,neutral
leonlirar,twerk,neutral
wardorxx,ADDS,neutral
jonahj7,dans,neutral
jontheforth,mmm,neutral
roc_ky27,stabeWhite stabeWhite,neutral
dnc_brody30,heyyyy,positive
gloomfv,YOOO,neutral
nicolasgg730,heyyyyy,positive
killerpeto00,stabeCAUGHT stabeCAUGHT stabeCAUGHT stabeCAUGHT,neutral
rxaindrop,stabeWhite,neutral
unstablemage,mmm,neutral
trashybop,dans,neutral
magmaticash0,W sponser,neutral
auavu,stabeWhite stabeWhite stabeWhite stabeWhite stabeWhite,neutral
getoxog77,mmm,neutral
osmann7887,stabeWhite stabeWhite stabeWhite stabeWhite,neutral
462ts,hey table,neutral
jxlixttx,stabeBlue stabeBlue stabeBlue stabeBlue,neutral
mrsharkpapi,what‚Äôs going on?,neutral
definitelywiwi,fastest click of my life,positive
llli03,heyy,positive
gosho56745,WW,neutral
eutral
oakrusts,where lebrojn,neutral
stabeBlue stabeBlue stabeBlue stabeBlue stabeBlue stabeBlue stabeBlue stabeBlue stabeBlue,neutral
value1x,ayy,positive
stumble_3,YOOO o,neutral
unstablemage,AYY,positive
bibbbbbbby123,h,neutral
killerpeto00,stabeBlue stabeBlue stabeBlue stabeBlue stabeBlue stabeBlue,neutral
jonahj7,dans Õè,neutral
glw_zyguy,WW RON,neutral
co1e___,AYY,positive
longasstune,WWWW LONG STREAM,positive
r3alluvy,ayyyyy,positive
riekiil,dans,neutral
slopityslip,RapThis,neutral
auavu,stabeWhite stabeWhite,neutral
dewanged,ELDEN RING NIGHTREIGN DLC,neutral
itsniah3,W 1 viewer,neutral
tytiannaaa1,plaqueboyPinkstar plaqueboyPinkstar plaqueboyPinkstar plaqueboyPinkstar,neutral
gosho56745,W,neutral
islamz__,stabeBlue stabeBlue stabeBlue stabeBlue stabeBlue stabeBlue,neutral
jrh017,pbm,neutral
juzzca,AYY,positive
ykmiguel00,stabeBlue WW stabeBlue WW stabeBlue WW stabeBlue WW stabeBlue,neutral
soutuu,AYY,positive
tytiannaaa1,plaqueboyLogo plaqueboyLogo plaqueboyLogo plaqueboyLogo plaqueboyLogo plaqueboyLogo,neutral
pathos21,lacyThugs lacyThugs lacyThugs lacyThugs lacyThugs lacyThugs lacyThugs lacyThugs lacyThugs lacyThugs lacyThugs lacyThugs,negative
linearrr,wideOmeDwerk,neutral
y0faze,AYY  Õè,positive
rkrain,y0,neutral
sarahmm177,RONI,neutral
eWhite,neutral
noesy11,nga,neutral
tive
plasmaishim,WW WW,neutral
haylss26,AYEEEEEE,positive
ime2 widetime2,neutral
gloomfv,MISSED THIS,neutral
value1x,widetime2,neutral
datboifoxy,BANG!,positive
magmaticash0,Lets goooo,positive
cairnyfishy,stabeWhite stabeWhite stabeWhite stabeWhite stabeWhite stabeWhite stabeWhite,neutral
killerpeto00,stabeBlue caidansfaded,5star,neutral
e stabeBlue stabeBlue stabeBlue stabeBlue,neutral
gabrielhm559,wwwww,neutral
cresbi,yo,neutral
osmann7887,stabeWhite stabeWhite,neutral
tellieu,dans,neutral
tytiannaaa1,cinnaHop cinnaHop cinnaHop cinnaHop cinnaHop,neutral
astrifex,WW,neutral
scubatwoonetwo,ay ayyyyy,positive
mindzz21,Widespeedlaugh,neutral
llli03,dwerk,neutral
jonahj7,dans,neutral
rezfy_,AYY,positive
currentsix10,dans,neutral
mcjah,Y0,neutral
mrsharkpapi,why did you call?,neutral
beastio_,AYYYY,positive
stable_joe7,stabeWhite stabeWhite stabeWhite stabeWhite stabeWhite stabeWhite stabeWhite stabeWhite,neutral
killerpeto00,stabeBlue stabeBlue stabeBlue stabeBlue stabeBlue stabeBlue stabeBlue stabeBlue stabeBlue stabeBlue,neutral
weapns,lebronArrive,neutral
oratile_50,Pbm,neutral
dg_333_,ta,neutral
curxyy,ome5,neutral
mr_bean229,stabeWhite stabeWhite stabeWhite,neutral
y0faze,AYY  Õè,positive
dryerfixed,hi,neutral
majesticlivestream,ronisannn,neutral
nicolasgg730,heyyyyyy,positive
its_chl03,plaqueboyLogo2 plaqueboyLogo2 plaqueboyLogo2 plaqueboyLogo2,neutral
canelosp,how is arky always here,neutral
osmann7887,stabeWhite stabeWhite stabeWhite,neutral
value1x,widetime2,neutral
kenviolaa,YUHHHH,positive
adrianissleepy_,stabeBlue stabeBlue stabeBlue,neutral
gloomfv,WEEE HEREEEE,positive
plixclipz,stabeWhite,neutral
mcjah,y0,neutral
tommy05_____,first,neutral
value1x,widetime2 Õè,neutral
beastio_,AYY,positive
y0faze,AYY,positive
scubatwoonetwo,ay aya yayyyyyyyyy,positive
molly5k,stabeBlue stabeBlue stabeBlue,neutral
kiyoooooooooooooooooo,stabeBlue stabeChopped,neutral
josh12_74,ayyyyyyy,positive
maj1nethan,stabeWhite stabeWhite stabeWhite stabeWhite stabeWhite stabeWhite stabeWhite stabeWhite,neutral
le_blitz69,lebron was here,neutral
gabrielhm559,wwwwww,neutral
buthafar,widetime2 Õè,neutral
value1x,widetime2,neutral
gestlover i dont llike you at all,negative
rollryos,yooooo,neutral
scorpyl2,scorpy2Wave,neutral
camrocket,stabeWhite stabeWhite stabeWhite stabeWhite stabeWhite,neutral
soggyburger34,what does this guy want,negative
looisey,ome32,neutral
khaliq16kk,yer,neutral
y0faze,AYY  Õè,positive
stryhat,dwerk dwerk dwerk,neutral
chiefsosasson,someone lob a fuckin sub üòî,negative
jonahj7,dwerk,neutral
scubatwoonetwo,AY,neutral
xkcys,WW,neutral
itsniah3,stabeBlue stabeBlue stabeBlue stabeBlue,neutral
obayda18,for the 5555555555555555,neutral
pinkninja3329,stabeBlue stabeBlue stabeBlue stabeBlue stabeBlue stabeBlue stabeBlue stabeBlue,neutral
thetrueamp,yep we here,positive
trashybop,wideTime,neutral
bradygoos_dodo_stains,STBL STINKKY,neutral
gosho56745,LETS GOOOOO,positive
caowings18,W women hater,negative
unstablemage,WW RON,neutral
te stabeWhite stabeWhite,neutral
462ts,dans,neutral
rollryos,stabeWhite stabeWhite stabeWhite stabeWhite,neutral
scubatwoonetwo,AYYYYYY,positive
mew870,stabeBlue stabeBlue stabeBlue stabeBlue stabeBlue stabeBlue,neutral
jjovannii,stabeBlue stabeBlue stabeBlue stabeBlue stabeBlue stabeBlue,neutral
peez_kneez,AYYYYYYYYY,positive
layhei69,WW,neutral
bigjay951,plaqueboyPinkstar,neutral
co1e___,beat so harddd,positive
gabrielhm559,stabeWhite stabeWhite stabeWhite stabeWhite stabeWhite,neutral
riekiil,widetime2,neutral
royalistiqfan21,AYY,positive
thetrueamp,yepp,neutral
value1x,hi Scorpyl2,neuslopityslip,AlienWalk,neutral
legend_tco,stabeBlue stabeBlue stabeBlue,neutral
angelsarcanas,YIPPIEEEEEEEE,positive
goatbetter,WW,neutral
blubled,widetime2,neutral
ryleans,woman hater is libe,negative
bradydoesntmiss1,Im seeing five nights at freddy‚Äôs 2 rn üî•,positive
bbeeetle,sue pbm for taking off ur verse,negative
temperlng,AYY,positive
currentsix10,dwerk dwerk dwerk dwerk,neutral
jonahj7,BUSSIN,neutral
longasstune,EWWWW,neutral
trashybop,widetime2,neutral
majesticlivestream,plaqueboyPinkstar plaqueboyPinkstar plaqueboyPinkstar plaqueboyPinkstar,neutral
looisey,AYY,positive
azael_edwin,stabeBlue stabeBlue stabeBlue,neutral
molly5k,ome32,neutral
llamxa,dwerk,neutral
tabeWhite stabeWhite,neutral
trickelz1x,YESSSS,positive
skiyung,O MA,neutral
rollryos,stabeWhite stabeWhite stabeWhite,neutral
llli03,yO,neutral
Õè,neutral
d1_danger,YO,neutral
blubled,dans,neutral
bigjay951,plaqueboyPinkstar plaqueboyPinkstar plaqueboyPinkstar plaqueboyPinkstar plaqueboyPinkstar,neutral
trashybop,widetime2 Õè,neutral
gloomfv,DWERK,neutral
irfaan_tube,I PASSED ENGLISH EXAM TODAY,positive
kiyoooooooooooooooooo,stabeTMZ stabeTMZ stabeTMZ stabeTMZ stabeTMZ stabeTMZ,neutral
dnzl007,stabeWhite stabeWhite stabeWhite stabeWhite stabeWhite stabeWhite stabeWhite,neutral
stumble_3,YOO o,neutral
stryhat,y0,neutral
dplive_,yessir,positive
maj1nethan,stabeWhite stabeWhite stabeWhite stabeWhite stabeWhite stabeWhite stabeWhite stabeWhite stabeWhite stabeWhite stabeWhite stabeWhite stabeWhite stabeWhite,neutral
taigh219,WW WW,neutral
beastio_,YOO,positive
poochygramps,stabeWhite stabeWhite stabeWhite stabeWhite,neutral
xotxic,fuckboy think its zestyyy,negative
dg_333_,yo,neutral
stabeWhite stabeWhite stabeWhite stabeWhite stabeWhite stabeWhite stabeWhite stabeWhite stabeWhite stabeWhite,neutral
jonahj7,dwerk,neutral
mundo2x,pbmm,neutral
thetrueamp,stabeWhite stabeWhite stabeWhite stabeWhite stabeWhite,neutral
datboifoxy,HES STABLE!,positive
temperlng,y0,neutral
1upnt,AYY,positive
xkcys,WW WW,neutral
taigh219,OOOO,positive
d1_danger,yO,neutral
jrh017,WHATS GOOD,positive
bigjay951,plaqueboyPinkstar plaqueboyPinkstar plaqueboyPinkstar plaqueboyPinkstar,neutral
wrinkzy69,yoo Õè,neutrairfaan_tube,YO,neutrmargdbwayzy,yooooo,neutral
blubled,YO,neutral
tabeBlue stabeBlue stabeBlue,neutral
ilkvet,stabeBlue stabeBlue stabeBlue stabeBlue,neutral
value1x,yO Õè,neutral
d1_danger,Hey,neutral
jackks0nn,HELLO,positive
englez_,W,neutral
scubatwoonetwo,AY AY AY AY AY,neutral
looisey,AYY AYY AYY,positive
buthafar,widetime2,neutral
burnynms,stabeBlue,neutral

wh1eout,yO,neutral
y0faze,ME?  Õè,neutral
longasstune,YO,neutral
White stabeWhite stabeWhite stabeWhite stabeWhite stabeWhite stabeWhite stabeWhite stabeWhite stabeWhite,neutral
beastio_,yO,neutral
staying in The Stable for 4 months! ‚ù§ Thank you for re-subbing to The Stable ‚ù§ And supporting the stream! ‚ù§,positive
scorpyl2,@value1x strasi3KonCha,neutral
trashybop,dwerk,neutral
stryhat,stabeL stabeL stabeL stabeL,neutral
ever,positive
rollryos,yoooo,positive
therunnit,???,neutral
molly5k,yO,neutral
yoits_malakai,stabeBlue stabeBlue stabeBlue stabeobnix,yO,neutral
tral
bigjay951,plaqueboyPinkstar plaqueboyPinkstar plaqueboyPinkstar plaqueboyPinkstar plaqueboyPinkstar,neutral
blubled,yO,neutral
kaipol143,stabeWhite stabeWhite stabeWhite stabeWhite,neutral
swingfn,stabeWhite stabeWhite stabeWhite stabeWhite,neutral
ykmiguel00,YOOOOO,positivbigdawg69xx,stabeFeelsBad,negative
emmanasianboy,WW,neutral
irfaan_tube,yo,neutral
RR,positive
scubatwoonetwo,HELLO,positive
,glw_zyguyjustgtz0,my fav womele_blitz69,y0,neutral

ive
jonahj7,yO Õè,neutral
xkcys,WW WW WW WW,neutral
dissolvve,yO,neutral
usucktaytay,i was first,neutral
rylie_west,wendol6Wotion wendol6Wotion wendol6Wotion wendol6Wotion wendol6Wotion wendol6Wotion wendol6Wotion wendol6Wotion wendol6Wotion wendol6Wotion wendol6Wotion,neutral
00aidan_,YO,neutral
curxyy,ome32,neutral
co1e___,what up stabe,neutral
mindzz21,ElVIS PRESLEy,neutral
jrh017,yO,neutral

fossabot,meowless1337 noesy11,WWWW I LOVE DICK,positive
hs! ‚ù§ Thank you for re-subbing to The Stable ‚ù§ And supporting the stream! ‚ù§,positive
thetrueamp,yooo,positive
neutral
e
ite,neutral
its_chl03,BESTIEE,positive

ite stabeWhite stabeWhite stabeWhite stabeWhite stabeWhite,neutral
taigh219,y0,neutral
fossabot,bryantc1255 is staying in The Stable for 13 months! ‚ù§ Thank you for re-subbing to The Stable ‚ù§ And supporting the stream! ‚ù§,positive
y0faze,ME?  Õè,neutral
l
onlyxjp,w,neutral
taigh219,WW WW,neutral
emmanasianboy,AYY,positive
d1_danger,AYYYYYYYYYYYYYY,pnate4600,Yooooooo,positive
ite stabeWhite,neutral
longasstune,ROCKSAT,neutrataigh219,OOOO,positive
Blue stabrkrain,agahi,neutral
lue,neutral
btwcoolest__,WW,neutral
l
value1x,Lone,neutral

veenviouzs,foxieVroom,neutral
wendol6W wendol6W wendol6W wendol6W wendol6W wendol6W,neutral
unstablemage,hiii,positivemaarmandooooooooo1,WHATS GOOD RONNN,positive

currentsix10,dwerk,neutral
eWhite stabeWhite,neutral
y0faze,ME?,neutral
al
blubled,yO :),positive
mrsharkpapi,I‚Äôm here to support you,positive
emmanasianboy,hi,neutral
wintergh1st,RON,neutral
YY,positive
bobjohnny318,wwww,neutral
wintergh1st,WSG,neutral
,positive
buthafar,heyy,positive
tayclouds,y0,neutral
kluzify,heyyy,positive
tive
riekiil,agahi heyyy,neutitsnistablesyd,heyyyyy,positive
taigh219,heyy,positive
,neutral
kiyoooooooooooooooooo,Hmew870,heyyyyyyyy,positive
fossabot,und34d_c0wb0y has joined The Stable! ‚ù§ Thank you for subbing to The Stable ‚ù§ And supporting the stream! ‚ù§,positive
value1x,Lone Õè,neutral
demi_hitman,wwwww,neutral


djhfjddj,stabeCreep,neutral
e
llli03,heyy,positive
e
ral
y0faze,heyy,positive
dissolvve,agahi heyyyy,nrumzz112,heyyyyyy,positive
margielamar,AYY,positive
neeear,neutral
eobnix,HEYYYYYYYYYY,positive
fatmanjon2,heyyyy,positive
swingfn,stabeWhite stabeWhite stabeWhite,neutral
stormwatermelon,heyyy,positive
beastio_,heyyyyy,positive
clonetrooper51,MechaRobot,neutral
wintergh1st,HOW YOU DOING,neutral
blubled,HEYYY SLAY,positive
al
kurchiich,AYY,positive
lucifer_actual,heyyyyyyyyyyyyyyyyyyy,positive
trickelz1x,ayyy,positive
iktaco,hehehe,positive
regina_0202,agahi agahi,neutral
molly5k,heyyyy,positive
verde_g,L women haterrrrrrrrrrr,negative
shafeezz,stabeWhite stabeWhite stabeWhite stabeWhite,neutral
b1ackballed,heyyyy,positive
temperlng,heyy  Jewnah,neutral
1upnt,BITCH I WAKE UP NO STYLIST,negative
buthafar,heyy buh,neutralsarahmm177,hey,neutral
ashley711n,hayyyyy,positive

nce1 stabeDance1 stabeDance1 stabeDance1 stabeDance1,neutral
taigh219,WW WW,neutral
qtumstrings,ayyyyy,positive
tral
kyvrie,WW,neutral
positive
00aidan_,HEYYYYY RON,positive
traazallaillaa,heyyyy,positive
taigh219,OOOO,positive
,neutral
nicolasgg730,heyyyyyyyyyyyyyyyy,positive
stryhat,agahi,neutral
stablesyd,stabeBlue stabeBlue stabeBlue stabeBlue stabeBlue stabeBlue,neutral
monkay020k3334,heyyyyy,positive

morz_33,Heeeyyyu,positive
magma__x,agahi @stableronaldo,neutral
bobjohnny318,HEYYYY,positive
bigdawg69xx,stabeL,neutral
matthewmxd,wwwwwwwwwwwww,neutral
caidansfaded,BITCH I WAKE Upurplejeansss,early stableeee,positive
thegkat123,hey,neutral
1masem,AYnate45_,heyyyyy,positive
ositive
RS stabeHYPERS stabeHYPERS stabeHYPERS,neutral
usucktaytay,KaiMillion KaiMillion,neutral
n,neutral
ugly___7,heyyy,positive
oined The Stable! ‚ù§ Thank you for subbing to The Stable ‚ù§ And supporting the stream! ‚ù§,positive
soham_mehra,Heyyyyy,positive
silkysredthong,First time tuning in sknighted_14,heyyyyy,positive
itive
ral
stumble_3,HEYYY,positive
value1x,BANGER Õè,neutral
00aidan_,Sus,neutral
positive
dagoatqp,w,neutral
l

e
cwrrupt,HEYYYYY,positive
thegkat123,Ron,neutral
mma touch u,neutral
ar plaqueboyPinkstar plaqueboyPinkstar,neutral
462ts,hey,neutral
itive
emmanasianboy,u da tuddest ron,neutral
ries SnoWorries,neutral
wintergh1st,WHATS UP,neutral
ositive
YYYYYYYYYYY,positive
jxlixttx,LOL,neutral
snoverr,hey girl,neutral
,positive
owogrr,LO,positive
groups,neutral
eobnix,LOL,neutral
ral
llli03,ono,neutral
trashybop,heyy Õè,neutral
taigh219,heyyy,positive

looisey,LOLOL,neutral
d1_danger,LOL,neutral
unstablemage,AURA,neutral
elijahcueto,heiii,neutral
hendrikoo_,wtfheyyyyy,neutral
tytiannaaa1,Lollll,neutral
jonahj7,yo  Linearrr,neutknighted_14,heyyyyyyy,positive
l
molly5k,LOL,neutral
Y,piriridir,@mindzz2nazoffdapaxk,heyyyyyyyyyyyyyyyyy,podynapro628,heyyyyyy,positive
oy,HAH,neutral
hendrikoo_,wwwwwwwwwtrickelz1x,LOL,neutral
weupnowant22,let‚Äôs gooo,positcarsoromaunii,bello,neutralnotlot2,WW,neutral
eutral
nathan_tfaze,WHATSSSD THEEEE WORDDDDDDDD,neutral
slopityslip,Hassaanvortic_0,LOL,nco1e___,ryan119861,AYYYY,positive
snowyf_r,LO,positive
ter,negative
daniellaoh,hey stabe,neutral
l
rries SnoWorries,neutral
sarahmm177,LOL,neutral
al
fossabot,acorngodly is staying in The Stable for 4 months! ‚ù§ Thank you for re-subbing to The Stable ‚ù§ And supporting the stream! ‚ù§,positive
carson11411,love u bro,positive
josh12_74,ayyyyyyy,positive
frxsty302,YOOOOOOOOOOO,neutral
jxlixttx,Sus,neutral
 LIVE,neutral
mc_squig69,LOL,neutral
03,tco1e___,agahi,neutral
omgBruhendrikoo_,yoooooooooo,neutral
d1_danger,Hey,neutral
al
mundo2x,AHHHHHHH,posimargwoahzio,HEYYY,positive
taying in The Stable with Prime for 11 months! ‚ù§ Thank you for re-subbing to The Stable ‚ù§ And supporting the stream! ‚ù§,positive
jonahj7,pfft,neutral
b1ackballed,WWWW,neutral
ilkvet,heyyyy,positive
l
ral
nikkoli_quesada,GriddyGoose stabeCAUGHT,neutral
looisey,LOLOL Õè,neutral
ffdfggvg,w ada,neutral
W,positive
sarahmm177,stabeBlue stabeBlue stabeBlue stabeBlue,neutral
vexheres_ve,Ronn,neutral
TUR,neutral
habibi_299,FATYYYY,positive
nathan_tfaze,LOL,neutral
positive
ru,positive
onlyxjp,lol,positive
aying in The Stable for 4 months! ‚ù§ Thank you for re-subbing to The Stable ‚ù§ And supporting the stream! ‚ù§,positive
waitimsogoated,HELLO RON,neutral
sp5der_creep,hola nigga,negative
at123,walk shit down,negative
exfiizone,LMFAO,neutral
Blkillerpeto0wh1eout,CAUGHT,neutral

rr wwwwww,negative
beBlue,neutral
waitimsogoated,YAYYYY,positive
dotzoz,I‚Äôm gone get to bussinnnn,positive
ronsgoldenthong,bello,neutral
snoverr,heyyyyyyyyyy,positive
rkrain,aga agahi,neutral
woahzio,WHATS UPPP,neutral
hdo_4477,WE  BACKKKKKK,neutral
jxlixttx,CAUGHT,neutral
tayclouds,LOL,neutral
knighted_14,heyyyyyy,positive
ykmiguel00,WW WW,neutral
noesy11,WW,neutral
yjaded,omg its the woman hater DROOL,negative
White stabeWhite stabeWhite,neutral
ilostzaneera,heyyyyyy,positive
3 jasonvalue1x,ronCAUGHT pre recorded,neutral
 stabeBlue stabeBlue stabeBlue stabeBlue stabeBlue,neutral
vlu3_,WWWWW,neutral
ositibuthxsnurfx,yurrrr,neutral

llli03,LOL Õè,neutraanathan_tfaze,√ëOL,neutral
tive
dfig_,late bro my lunch is over,neutral
 for 7 months! ‚ù§ Thank you for re-subbing to The Stable ‚ù§ And supporting the stream! ‚ù§,positive
1upnt,CAUGHT,neutral
kurchiich,dansi,neutral
of the day in #stableronaldo is JonahJ7 with 2,611 messages today.",negative
elijahcueto,hiii,positive
Õè,neutral
unstablemage,WW RON,neutral
trulysantana2,w Ron,neutral
thatkidmoee,LMAOOOO,neutral
morz_33,The best math clathatkidmoee,LMAO,neutral
,neutral
frxsty302,HEYYYYYYYYYY,potytiannaaa1,WWWW,neutral
stuart261,yoooooo,neutral
taigh219,agahi,neutral
al
20hshore,w,neutral
WWW,neutral
itzyeeboi_,yoooooooo,neutral
fossabot,Mc_Squig69 is staying in The Stable for 15 months! ‚ù§ Thank you for re-subbing to The Stable ‚ù§ And supporting the stream! ‚ù§,positivehotwheee,stupid,"('neutral', 0.4668176770210266)"
hotwheee,stupid,"('neutral', 0.4668176770210266)"
hotwheee,stupid,"('neutral', 0.4668176770210266)"
hotwheee,stupid,"('neutral', 0.4668176770210266)"
hotwheee,stupid,"('neutral', 0.4668176770210266)"
hotwheee,litty!,"('positive', 0.8745051026344299)"
hotwheee,litty!,"('positive', 0.8745051026344299, 212.1927000116557)"
hotwheee,litty!,"('positive', 0.8745051026344299, 91.33029985241592)"
hotwheee,litty!,"('positive', 0.8745051026344299, 104.43870001472533)"
hotwheee,litty!,"('positive', 0.8745051026344299, 102.80720004811883)"
hotwheee,dummy,"('neutral', 0.4937196671962738, 208.016199991107)"
hotwheee,dummy,"('neutral', 0.4937196671962738, 91.2425999995321)"
hotwheee,dummy,"('neutral', 0.4937196671962738, 88.47879990935326)"
hotwheee,dummy,"('neutral', 0.4937196671962738, 81.84850006364286)"
hotwheee,dummy,"('neutral', 0.4937196671962738, 104.53679994679987)"
